first_name,last_name,nationality,appearances,goals
Ryan,Giggs,Wales,963,168
Bobby,Charlton,England,758,249
Paul,Scholes,England,718,155
Bill,Foulkes,England,688,9
Gary,Neville,England,602,7
Wayne,Rooney,England,559,253
David,de Gea,Spain,545,0
Alex,Stepney,England,539,2
Tony,Dunne,Republic of Ireland,535,2
Denis,Irwin,Republic of Ireland,529,33
Joe,Spence,England,510,168
Arthur,Albiston,Scotland,485,7
Roy,Keane,Republic of Ireland,480,51
Brian,McClair,Scotland,471,127
George,Best,Northern Ireland,470,179
Mark,Hughes,Wales,467,163
Michael,Carrick,England,464,24
Bryan,Robson,England,461,99
Martin,Buchan,Scotland,456,4
Rio,Ferdinand,England,455,8
Jack,Silcock,England,449,2
Gary,Pallister,England,437,15
Marcus,Rashford,England,426,138
Jack,Rowley,England,424,211
Sammy,McIlroy,Northern Ireland,419,71
Steve,Bruce,England,414,51
Denis,Law,Scotland,404,237
Lou,Macari,Scotland,401,97
Peter,Schmeichel,Denmark,398,1
Paddy,Crerand,Scotland,397,15
Steve,Coppell,England,396,70
Nobby,Stiles,England,395,19
David,Beckham,England,394,85
John,O'Shea,Republic of Ireland,393,15
Allenby,Chilton,England,391,3
Nicky,Butt,England,387,26
Phil,Neville,England,386,8
Patrice,Evra,France,379,10
Mike,Duxbury,England,378,7
Gary,Bailey,England,375,0
Ole,Gunnar Solskjær,Norway,366,126
Wes,Brown,England,362,5
Mikaël,Silvestre,France,361,10
Shay,Brennan,Republic of Ireland,359,6
Cristiano,Ronaldo,Portugal,346,145
Johnny,Carey,"Ireland
 Republic of Ireland",344,17
Stan,Pearson,England,343,148
Darren,Fletcher,Scotland,342,24
Antonio,Valencia,Ecuador,339,25
Billy,Meredith,Wales,335,36
David,Sadler,England,335,27
Charlie,Moore,England,328,0
Alf,Steward,England,326,0
Chris,Smalling,England,323,18
Lal,Hilditch,England,322,7
George,Wall,England,319,100
Anthony,Martial,France,318,90
Fred,Erentz,Scotland,310,9
Alex,Bell,Scotland,309,10
Charlie,Roberts,England,302,23
Ray,Bennion,Wales,301,3
Bruno,Fernandes,Portugal,301,100
Nemanja,Vidić,"Serbia and Montenegro
 Serbia",300,21
Willie,Morgan,Scotland,296,34
Luke,Shaw,England,296,4
Dennis,Viollet,England,293,179
Kevin,Moran,Republic of Ireland,289,24
Frank,Stapleton,Republic of Ireland,288,78
Juan,Mata,Spain,285,51
John,Aston Sr.,England,284,30
Victor,Lindelöf,Sweden,284,4
Paul,Ince,England,281,29
Roger,Byrne,England,280,20
Johnny,Berry,England,276,45
Henry,Cockburn,England,275,4
Andy,Cole,England,275,121
Norman,Whiteside,Northern Ireland,274,67
Brian,Greenhoff,England,271,17
George,Stacey,England,270,9
Harry,Moger,England,266,0
Brian,Kidd,England,266,70
Edwin,van der Sar,Netherlands,266,0
David,Herd,Scotland,265,145
Lee,Sharpe,England,263,36
Ashley,Young,England,261,19
Walter,Cartwright,England,257,8
Scott,McTominay,Scotland,255,29
Dick,Duckworth,England,254,11
Harry,Maguire,England,253,17
Stewart,Houston,Scotland,250,16
Jimmy,Nicholl,Northern Ireland,248,6
Sandy,Turnbull,Scotland,247,101
Harry,Gregg,Northern Ireland,247,0
Clayton,Blackmore,Wales,245,26
Jonny,Evans,Northern Ireland,241,8
Paul,Pogba,France,233,39
Jesse,Lingard,England,232,35
Mr.,Nani,Portugal,230,40
Gordon,McQueen,Scotland,229,26
Phil,Jones,England,229,6
Ruud,van Nistelrooy,Netherlands,219,150
Diogo,Dalot,Portugal,217,9
Mr.,Fred,Brazil,213,14
Jack,Crompton,England,212,0
George,Vose,England,209,1
Ray,Wood,England,208,0
John,Grimwood,England,205,8
Park,Ji-sung,South Korea,205,27
Gordon,Strachan,Scotland,201,38
Harry,Stafford,England,200,1
Tom,Jones,Wales,200,0
Jack,Mew,England,199,0
Remi,Moses,England,199,12
Paul,McGrath,Republic of Ireland,199,16
Frank,Mann,England,197,5
Tom,Manley,England,195,41
Maurice,Setters,England,194,14
Ray,Wilkins,England,194,10
Alex,Downie,Scotland,191,14
Tommy,Taylor,England,191,131
Aaron,Wan-Bissaka,DR Congo,190,2
Ander,Herrera,Spain,189,20
Nemanja,Matić,Serbia,189,4
John,Aston Jr.,England,187,27
Eric,Cantona,France,185,82
Jimmy,Delaney,Scotland,184,28
Albert,Quixall,England,184,56
Bill,McKay,Scotland,182,15
Enoch,West,England,181,80
Mr.,Anderson,Brazil,181,9
Harry,Rowley,England,180,55
Stuart,Pearson,England,180,66
Alf,Schofield,England,179,35
Duncan,Edwards,England,177,21
Marouane,Fellaini,Belgium,177,22
Jesper,Olsen,Denmark,176,24
Billy,Griffiths,England,175,30
Frank,McPherson,England,175,52
Joe,Cassidy,Scotland,174,100
Jack,Griffiths,England,173,1
Mr.,Rafael,Brazil,170,5
Charlie,Mitten,England,162,61
Steve,James,England,161,4
Andrei,Kanchelskis,"Soviet Union
 CIS
 Russia",161,36
Teddy,Partridge,England,160,18
James,McNaught,Scotland,157,12
Billy,Bryant,England,157,42
Javier,Hernández,Mexico,157,59
Francis,Burns,Scotland,156,7
Bob,Donaldson,Scotland,155,66
Arthur,Lochhead,Scotland,153,50
Teddy,Sheringham,England,153,46
Billy,Morgan,England,152,7
Frank,Barson,England,152,4
Dwight,Yorke,Trinidad and Tobago,152,66
David,Pegg,England,150,28
Ronny,Johnsen,Norway,150,9
Dimitar,Berbatov,Bulgaria,149,56
Jimmy,Hanson,England,147,52
John,Fitzpatrick,Scotland,147,10
Noel,Cantwell,Republic of Ireland,146,8
Mike,Phelan,England,146,3
Paul,Parker,England,146,2
Alejandro,Garnacho,Argentina,144,26
Gerry,Daly,Republic of Ireland,142,32
Danny,Welbeck,England,142,29
Daley,Blind,Netherlands,141,6
Jack,Wilson,England,140,3
Fabien,Barthez,France,139,0
Frank,Barrett,Scotland,136,0
Harry,Thomas,Wales,135,13
Bob,Bonthron,Scotland,134,3
Gordon,Hill,England,134,51
Mr.,Casemiro,Brazil,134,20
Mason,Greenwood,England,130,35
Vince,Hayes,England,128,2
William,Bryant,England,127,33
Albert,Scanlon,England,127,35
Jaap,Stam,Netherlands,127,1
Joe,Jordan,Scotland,126,41
Quinton,Fortune,South Africa,126,11
Harold,Halse,England,125,56
Louis,Saha,France,124,42
Jimmy,Greenhoff,England,123,36
Jack,Picken,Scotland,122,46
Jack,Mellor,England,122,0
Billy,McGlen,England,122,2
Marcos,Rojo,Argentina,122,2
Jack,Peddie,Scotland,121,58
Mark,Jones,England,121,1
George,Mutch,Scotland,120,49
John,Gidman,England,120,4
David,Gaskell,England,119,0
Alex,Forsyth,Scotland,119,5
Mal,Donaghy,Northern Ireland,119,0
David,May,England,118,8
Dick,Holden,England,117,0
Jackie,Blanchflower,Northern Ireland,117,27
Hugh,McLenahan,England,116,12
George,McLachlan,Scotland,116,4
Johnny,Downie,Scotland,116,37
Jack,Warner,Wales,115,2
Don,Gibson,England,115,0
Johnny,Giles,Republic of Ireland,115,13
John,Connelly,England,113,35
Eric,Bailly,Ivory Coast,113,1
Bobby,Beale,England,112,0
James,Brown,Scotland,110,1
David,McCreery,Northern Ireland,110,8
Mickey,Thomas,Wales,110,15
Graeme,Hogg,Scotland,110,1
Neil,Webb,England,110,11
Tommy,Bamford,Wales,109,57
Lee,Martin,England,109,2
Eddie,Colman,England,108,2
Freddie,Goodwin,England,107,8
Ashley,Grimes,Republic of Ireland,107,11
Christian,Eriksen,Denmark,107,8
Arthur,Whalley,England,106,6
Ronnie,Cope,England,106,2
Peter,Davenport,England,106,26
Robin,van Persie,Netherlands,105,58
Henning,Berg,Norway,103,3
George,Perrins,England,102,0
André,Onana,Cameroon,102,0
Dick,Smith,England,101,37
Tommy,Reid,Scotland,101,67
Carlos,Tevez,Argentina,99,34
Billy,Whelan,Republic of Ireland,98,52
Arnold,Mühren,Netherlands,98,18
Diego,Forlán,Uruguay,98,17
Tony,Young,England,97,1
Charlie,Radford,England,96,1
Hubert,Redwood,England,96,4
Romelu,Lukaku,Belgium,96,42
Mr.,Antony,Brazil,96,12
Billy,Draycott,England,95,6
Jeff,Whitefoot,England,95,0
Colin,Gibson,England,95,9
Raphaël,Varane,France,95,2
Rasmus,Højlund,Denmark,95,26
Jim,Leighton,Scotland,94,0
Johnny,Morris,England,93,35
Alex,Dawson,Scotland,93,54
Alan,Smith,England,93,12
George,Roughton,England,92,0
Matteo,Darmian,Italy,92,1
Lisandro,Martínez,Argentina,91,3
Tom,Smith,England,90,16
Matthew,Gillespie,Scotland,89,21
Willie,Stewart,Scotland,87,5
Alan,Gowling,England,87,21
Jimmy,Hodge,Scotland,86,2
George,Anderson,England,86,39
Wilf,McGuinness,England,85,2
Gabriel,Heinze,Argentina,83,4
Jadon,Sancho,England,83,12
Juan,Sebastián Verón,Argentina,82,11
Kieran,Richardson,England,81,11
Reg,Allen,England,80,0
Mark,Pearson,England,80,14
Kobbie,Mainoo,England,80,7
Colin,Webster,Wales,79,31
Chris,Turner,England,79,0
Tom,Cleverley,England,79,5
Jimmy,Turnbull,Scotland,78,45
Billy,Johnston,Scotland,77,27
Tim,Howard,United States,77,0
Stanley,Gallimore,England,76,20
Ian,Greaves,England,75,0
Laurent,Blanc,France,75,4
Andreas,Pereira,Brazil,75,4
John,Clarkin,Scotland,74,23
Fred,Hopkin,England,74,8
Daniel,James,Wales,74,9
Jack,Hall,England,73,0
Russell,Beardsmore,England,73,4
Roy,Carroll,Northern Ireland,72,0
Amad,Diallo,Ivory Coast,72,15
Jimmy,Collinson,England,71,17
Tommy,Breen,"Ireland
 Republic of Ireland",71,0
Joe,Carolan,Republic of Ireland,71,0
Danny,Wallace,England,71,11
Mark,Robins,England,70,17
Jimmy,Hanlon,England,69,22
Jim,Holton,Scotland,69,5
Viv,Anderson,England,69,4
Charlie,Rennox,Scotland,68,25
Billy,Dale,England,68,0
Jimmy,Nicholson,Northern Ireland,68,6
Paul,Edwards,England,68,1
Tommy,O'Neil,England,68,0
Warren,Bradley,England,67,21
Pat,Dunne,Republic of Ireland,67,0
Ernest,Vincent,England,65,1
Billy,Porter,England,65,0
Ian,Ure,Scotland,65,1
William,Jackson,Wales,64,14
Jimmy,Whitehouse,England,64,0
Garry,Birtles,England,64,12
Jimmy,Bannister,England,63,8
Gary,Walsh,England,63,0
Adnan,Januzaj,Belgium,63,5
Henrikh,Mkhitaryan,Armenia,63,13
Henry,Boyd,Scotland,62,35
Donny,van de Beek,Netherlands,62,2
Andrew,Mitchell,Scotland,61,0
Alf,Farman,England,61,28
Wilf,Woodcock,England,61,21
Tomasz,Kuszczak,Poland,61,0
Sergio,Romero,Argentina,61,0
Mickey,Hamill,Ireland,60,2
Jack,Cape,England,60,18
Raimond,van der Gouw,Netherlands,60,0
Darron,Gibson,Republic of Ireland,60,10
Oscar,Linkson,England,59,0
Thomas,McNulty,England,59,0
Edinson,Cavani,Uruguay,59,19
Noussair,Mazraoui,Morocco,59,0
Jordi,Cruyff,Netherlands,58,8
William,Douglas,Scotland,57,0
Harry,McShane,Scotland,57,8
Shinji,Kagawa,Japan,57,6
Carlo,Sartori,Italy,56,6
Les,Sealey,England,56,0
Mr.,Fábio,Brazil,56,3
Anthony,Elanga,Sweden,55,4
Herbert,Burgess,England,54,0
Manuel,Ugarte,Uruguay,54,2
George,Sapsford,England,53,17
Tommy,Meehan,England,53,6
Samuel,Hopkinson,England,53,12
Ernie,Hine,England,53,12
Harry,Baird,Ireland,53,18
Paddy,Roche,Republic of Ireland,53,0
Memphis,Depay,Netherlands,53,7
Zlatan,Ibrahimović,Sweden,53,29
Joshua,Zirkzee,Netherlands,53,7
Matthijs,de Ligt,Netherlands,53,2
Tommy,Frame,Scotland,52,4
Arthur,Graham,Scotland,52,7
Michael,Owen,England,52,17
Mason,Mount,England,52,4
Jack,Peters,England,51,14
Dick,Pegg,England,51,20
Dick,Wombwell,England,51,3
Hugh,Edmonds,Scotland,51,0
John,Moody,England,51,0
Billy,Garton,England,51,0
Brandon,Williams,England,51,1
John,Dow,Scotland,50,6
Jack,Ball,England,50,18
William,Robertson,Scotland,50,1
Alex,Telles,Brazil,50,1
Frank,Harris,England,49,2
William,Stewart,Scotland,49,7
Charlie,Spencer,England,48,0
Jackie,Wassall,England,48,6
Karel,Poborský,Czech Republic,48,6
Caesar,Jenkyns,Wales,47,6
Frank,Knowles,England,47,1
Phil,Chisnall,England,47,10
Morgan,Schneiderlin,France,47,1
Tyrell,Malacia,Netherlands,47,0
Tommy,Leigh,England,46,15
James,Fisher,Scotland,46,3
George,Livingstone,Scotland,46,14
Billy,Harrison,England,46,5
Jimmy,Rimmer,England,46,0
George,Graham,Scotland,46,2
Ian,Moir,Scotland,45,5
Alexis,Sánchez,Chile,45,5
Will,Davidson,Scotland,44,2
Jack,Banks,England,44,1
Bill,Ridding,England,44,14
Nobby,Lawton,England,44,6
Neil,McBain,Scotland,43,2
Ian,Storey-Moore,England,43,12
Mick,Martin,Republic of Ireland,43,2
Leny,Yoro,France,43,1
John,Clements,England,42,0
Bert,Read,England,42,0
George,Bissett,Scotland,42,10
Lance,Richardson,England,42,0
Jack,Smith,England,42,15
Andy,Ritchie,England,42,13
Jim,Brown,United States,41,17
Alan,Brazil,Scotland,41,12
John,Anderson,England,40,2
David,Bellion,France,40,8
Arthur,Warburton,England,39,10
Bert,Whalley,England,39,0
Luke,Chadwick,England,39,2
Eric,Djemba-Djemba,Cameroon,39,2
Owen,Hargreaves,England,39,2
Billy,Hood,England,38,6
Tommy,Blackstock,Scotland,38,0
Billy,Redman,England,38,0
Jim,McCalliog,Scotland,38,7
Mark,Bosnich,Australia,38,0
Jesper,Blomqvist,Sweden,38,1
Billy,Grassam,Scotland,37,14
Tony,Donnelly,England,37,0
Joe,Norton,England,37,3
Billy,Wrigglesworth,England,37,10
Axel,Tuanzebe,DR Congo,37,0
Tommy,Morrison,Ireland,36,8
Jack,Allan,England,36,22
Henry,Williams,England,36,8
Tommy,Forster,England,36,0
Bill,Henderson,Scotland,36,17
Bill,Rawlings,England,36,19
Neil,Dewar,Scotland,36,14
Liam,O'Brien,Republic of Ireland,36,2
Federico,Macheda,Italy,36,5
Alexander,Robertson,Scotland,35,1
Patrick,O'Connell,Ireland,35,2
Rees,Williams,Wales,35,2
Stewart,Chalmers,Scotland,35,1
Jack,Breedon,England,35,0
Ronnie,Burke,England,35,23
Bastian,Schweinsteiger,Germany,35,2
Jimmy,Coupar,Scotland,34,10
Stephen,Preston,England,34,14
Sandy,Robertson,Scotland,34,10
Clem,Beddow,England,34,15
Joe,Myerscough,England,34,8
Jack,Hacking,England,34,0
Chris,McGrath,Northern Ireland,34,1
John,Sivebæk,Denmark,34,1
William,Kennedy,Scotland,33,12
Tommy,Arkesden,England,33,0
Charlie,Sagar,England,33,24
Tommy,Bogan,Scotland,33,7
Bobby,Noble,England,33,0
Jack,Peden,Ireland,32,8
Eric,Sweeney,England,32,7
Ángel,Di María,Argentina,32,4
David,Fitzsimmons,Scotland,31,0
Wout,Weghorst,Netherlands,31,2
Tommy,Fitzsimmons,Scotland,30,6
Herbert,Birchenough,England,30,0
John,Hodge,Scotland,30,0
Cyril,Barlow,England,30,0
Ernie,Goldthorpe,England,30,16
Chris,Taylor,England,30,7
Ernie,Taylor,England,30,4
Ralph,Milne,Scotland,30,3
Darren,Ferguson,Scotland,30,0
Mr.,Kléberson,Brazil,30,2
Timothy,Fosu-Mensah,Netherlands,30,0
Sofyan,Amrabat,Morocco,30,0
Patrick,Dorgu,Denmark,30,0
Arthur,Potts,England,29,5
Walter,McMillen,Ireland,29,2
Anders,Lindegaard,Denmark,29,0
Radamel,Falcao,Colombia,29,4
Dean,Henderson,England,29,0
Herbert,Rothwell,England,28,0
John,Willie Sutcliffe,England,28,0
George,Gladwin,England,28,1
Ronnie,Wallwork,England,28,0
Gabriel,Obertan,France,28,1
Alexander,Büttner,Netherlands,28,2
Joe,Fall,England,27,0
Harry,Lappin,England,27,4
James,Montgomery,England,27,1
Tom,Miller,Scotland,27,8
George,Haslam,England,27,0
Willie,McDonald,Scotland,27,4
Walter,Winterbottom,England,27,0
Jimmy,Ryan,Scotland,27,4
Terry,Gibson,England,27,1
Jonathan,Greening,England,27,0
Paddy,McNair,Northern Ireland,27,0
Jackie,Sheldon,England,26,0
Joe,Haywood,England,26,0
Billy,Chapman,England,26,0
John,Doherty,England,26,7
Nikola,Jovanović,Yugoslavia,26,4
Alex,Menzies,Scotland,25,4
Tom,Homer,England,25,14
Scott,McGarvey,Scotland,25,3
Peter,Barnes,England,25,5
Facundo,Pellistri,Uruguay,25,0
John,Scott,Scotland,24,0
Ted,Buckle,England,24,7
Eddie,Lewis,England,24,11
Michael,Clegg,England,24,0
Hugh,Morgan,Scotland,23,4
Tommy,Gipps,England,23,0
George,Hunter,England,23,2
David,Bain,Scotland,23,9
Joe,Walton,England,23,0
John,Ball,England,23,0
Kenny,Morgans,Wales,23,0
Tommy,Jackson,Northern Ireland,23,0
Gerard,Piqué,Spain,23,2
Ben,Foster,England,23,0
Odion,Ighalo,Nigeria,23,5
Jimmy,Warner,England,22,0
Tommy,Jones,Wales,22,4
Liam,Miller,Republic of Ireland,22,2
Daniel,Hurst,England,21,4
George,Travers,England,21,4
James,Robinson,Ireland,21,3
Ernie,Bond,England,21,4
John,McCartney,Scotland,20,1
Frank,Hodges,England,20,4
Stan,Crowther,England,20,0
Arnie,Sidebottom,England,20,0
Simon,Davies,Wales,20,1
James,Wilson,England,20,4
Sam,Blott,England,19,2
Leslie,Hofton,England,19,0
Ron,Ferrier,England,19,4
Graham,Moore,Wales,19,5
Trevor,Anderson,Northern Ireland,19,2
John,Curtis,England,19,0
Jack,Fitchett,England,18,1
Fred,Kennedy,England,18,4
Albert,Pape,England,18,5
Dick,Gardner,England,18,1
Ted,MacDougall,Scotland,18,5
Phil,Bardsley,England,18,0
Marcel,Sabitzer,Austria,18,3
Joe,Ridgway,England,17,0
John,Cunningham,Scotland,17,2
Stockport,Smith,England,17,0
Tommy,Boyle,England,17,6
Thomas,Parker,England,17,0
Bill,Owen,England,17,1
Wyn,Davies,Wales,17,4
Dion,Dublin,England,17,3
Chris,Eagles,England,17,1
Altay,Bayındır,Turkey,17,0
Tom,Nuttall,England,16,4
John,Wood,Scotland,16,1
Charlie,Ramsden,England,16,3
Norman,Tapken,England,16,0
Tahith,Chong,Netherlands,16,0
Bob,Parkinson,England,15,7
Ted,Connor,England,15,2
Len,Langford,England,15,0
Roy,John,Wales,15,0
Brian,Birch,England,15,5
Frank,Clempson,England,15,2
Sammy,McMillan,Northern Ireland,15,6
Bill,Berry,England,14,1
Joe,Curry,England,14,0
Billy,Toms,Ireland,14,4
Bill,Inglis,Scotland,14,1
Tommy,Lowrie,Scotland,14,0
Sonny,Feehan,Republic of Ireland,14,0
Willie,Watson,Scotland,14,0
Tony,Gill,England,14,2
Keith,Gillespie,Northern Ireland,14,2
Ben,Thornley,England,14,0
Michael,Stewart,Scotland,14,0
Giuseppe,Rossi,Italy,14,4
Cameron,Borthwick-Jackson,England,14,0
Adam,Carson,Scotland,13,3
James,Saunders,England,13,0
William,McCartney,Scotland,13,1
Sam,Cookson,Wales,13,0
Walter,Spratt,England,13,0
James,McCrae,Scotland,13,0
Herbert,Mann,England,13,2
Reg,Chester,England,13,1
Tommy,Lang,Scotland,13,1
Sammy,Lynn,England,13,0
Cliff,Birkett,England,13,2
Willie,Anderson,England,13,0
Henrik,Larsson,Sweden,13,3
Hannibal,Mejbri,Tunisia,13,1
Toby,Collyer,England,13,0
William,Dunn,England,12,0
Arthur,Beadsworth,England,12,2
Arthur,Allman,England,12,0
Richard,Gibson,England,12,0
Louis,Page,England,12,0
Henry,Topping,England,12,1
Arthur,Fitton,England,12,2
Geoff,Bent,England,12,0
Frank,Kopel,Scotland,12,0
Tom,Sloan,Northern Ireland,12,0
Tyler,Blackett,England,12,0
Sergio,Reguilón,Spain,12,0
Samuel,Parker,Scotland,11,0
James,Vance,England,11,1
Edwin,Lee,England,11,5
Jack,Grundy,England,11,3
Charlie,Richards,England,11,2
Edward,Hudson,England,11,0
David,Ellis,Scotland,11,0
Charlie,Hannaford,England,11,0
Charlie,Craven,England,11,2
Bobby,Harrop,England,11,0
Peter,Jones,England,11,0
Ronnie,Briggs,Northern Ireland,11,0
Guillermo,Varela,Uruguay,11,0
Bryan,Mbeumo,Cameroon,11,5
Benjamin,Šeško,Slovenia,11,2
James,Colville,unknown,10,1
John,Davies,England,10,0
William,Mathieson,Scotland,10,2
Bogie,Roberts,unknown,10,2
Alfred,Ambler,England,10,1
Alexander,Higgins,England,10,0
Lawrence,Smith,England,10,1
Fred,Williams,England,10,4
Bob,Valentine,England,10,0
Harry,Leonard,England,10,5
Frank,Brett,England,10,0
Jimmy,Bullock,England,10,3
Matt,Robinson,England,10,0
Ron,Davies,Wales,10,0
Steve,Paterson,Scotland,10,0
Alan,Davies,Wales,10,1
Mark,Wilson,England,10,0
Angel,Gomes,England,10,0
Willy,Kambwala,DR Congo,10,0
Matheus,Cunha,Brazil,10,1
Harry,Erentz,Scotland,9,0
Joe,Clark,Scotland,9,0
Gilbert,Godsmark,England,9,4
Billy,Richards,England,9,1
Harry,Wilkinson,England,9,0
Herbert,Broomfield,England,9,0
Ken,MacDonald,Scotland,9,2
Arthur,Chesters,England,9,0
Eddie,Green,England,9,4
Charlie,McGillivray,Scotland,9,0
Don,Givens,Republic of Ireland,9,1
Nick,Powell,England,9,1
Ayden,Heaven,England,9,0
Roger,Doughty,Wales,8,1
Frank,Pepper,England,8,0
Joe,Heathcote,England,8,0
Ralph,Gaudie,England,8,0
Proctor,Hall,England,8,2
John,Ferguson,England,8,1
Dick,Black,Scotland,8,3
Charlie,Hillam,England,8,0
Jeff,Wealands,England,8,0
Mark,Higgins,England,8,0
Giuliano,Maiorana,England,8,0
Kevin,Pilkington,England,8,0
Terry,Cooke,England,8,1
Jonathan,Spector,United States,8,0
Danny,Simpson,England,8,0
Rodrigo,Possebon,Italy,8,0
Mame,Biram Diouf,Senegal,8,1
Chido,Obi,Denmark,8,0
James,Brown,Scotland,7,0
Herbert,Stone,England,7,0
George,Millar,Scotland,7,5
Rimmer,Brown,unknown,7,2
George,Foley,England,7,1
Charles,Mackie,Scotland,7,4
Arthur,Hooper,England,7,1
Ezra,Royals,England,7,0
Billy,Goodwin,England,7,1
George,Nicol,Scotland,7,2
Cliff,Collinson,England,7,0
Bill,Fielding,England,7,0
Peter,Fletcher,England,7,0
Clive,Griffiths,Wales,7,0
Garth,Crooks,England,7,2
Chris,Casper,England,7,0
John,O'Kane,England,7,0
Danny,Higginbotham,Gibraltar,7,0
Danny,Pugh,England,7,0
Ben,Amos,England,7,0
Mr.,Bebé,Cape Verde,7,2
James,Garner,England,7,0
Omari,Forson,England,7,0
Harry,Amass,England,7,0
Jack,Owen,Wales,6,0
Arthur,Henrys,Scotland,6,0
Thomas,Sawyer,unknown,6,0
James,Garvey,England,6,0
Arthur,Marshall,England,6,0
James,Thomson,Scotland,6,1
Sidney,Evans,England,6,2
Billy,Boyd,Scotland,6,4
Harry,Worrall,England,6,0
Frank,Haydock,England,6,0
Ian,Donald,Scotland,6,0
David,Wilson,England,6,0
Ritchie,De Laet,Belgium,6,0
Zeki,Fryers,England,6,0
William,Campbell,Scotland,5,1
James,Higson,England,5,1
George,Lyons,Scotland,5,0
Joe,Ford,England,5,0
Harry,Williams,England,5,2
Albert,Smith,Scotland,5,1
Arthur,Thomson,England,5,1
Jimmy,McClelland,Scotland,5,1
Ted,Savage,England,5,0
Laurie,Cunningham,England,5,2
Stephen,Pears,England,5,0
Erik,Nevland,Norway,5,1
Mr.,Ricardo,Spain,5,0
Ritchie,Jones,England,5,0
Zoran,Tošić,Serbia,5,0
Michael,Keane,England,5,0
Shola,Shoretire,England,5,0
Jack,Powell,Wales,4,0
John,Slater,England,4,0
John,Graham,England,4,0
James,Connachan,Scotland,4,1
Bill,Williams,England,4,0
Billy,Ball,England,4,0
William,Hartwell,England,4,0
Ernest,Thomson,England,4,0
Aaron,Hulme,England,4,0
John,McGillivray,England,4,0
Harold,Hardman,England,4,0
Tom,Chorlton,England,4,0
John,Howarth,England,4,0
Jack,Barber,England,4,2
James,Miller,Scotland,4,1
Jimmy,Bain,Scotland,4,0
Tom,Harris,England,4,1
Danny,Ferguson,England,4,0
David,Byrne,Republic of Ireland,4,3
Herbert,Heywood,England,4,2
George,Nevin,England,4,0
Reg,Halton,England,4,1
Robert,Murray,Scotland,4,0
Tommy,Dougan,Scotland,4,0
Berry,Brown,England,4,0
Laurie,Cassidy,England,4,0
Joe,Lancaster,England,4,0
Mike,Pinner,England,4,0
George,Buchan,Scotland,4,0
Paul,Bielby,England,4,0
Colin,Waldron,England,4,0
Nicky,Wood,England,4,0
Deiniol,Graham,Wales,4,1
Phil,Mulryne,Northern Ireland,4,0
Massimo,Taibi,Italy,4,0
Daniel,Nardiello,Wales,4,0
David,Jones,England,4,0
Fraizer,Campbell,England,4,0
Richard,Eckersley,England,4,0
Scott,Wootton,England,4,0
Wilfried,Zaha,"England
 Ivory Coast2",4,0
Ethan,Wheatley,England,4,0
Senne,Lammens,Belgium,4,0
Jack,Doughty,Wales,3,3
John,Mitchell,unknown,3,0
Alf,Edge,England,3,3
Bob,McFarlane,Scotland,3,0
John,Sneddon,Scotland,3,1
William,Thompson,Scotland,3,0
Charles,Rothwell,England,3,3
Walter,Whittaker,England,3,0
John,Whitney,England,3,0
James,Carman,England,3,1
William,Brooks,England,3,3
John,Turner,England,3,0
Wilson,Greenwood,England,3,0
Reg,Lawson,England,3,0
Ernest,Street,England,3,0
Tommy,Robertson,Scotland,3,0
Bernard,Donaghey,Ireland,3,0
Archie,Montgomery,Scotland,3,0
Frank,Buckley,England,3,0
William,Yates,England,3,0
Joe,Williams,England,3,1
William,Hunter,England,3,2
Arthur,Cashmore,England,3,0
Bert,Cartman,England,3,0
David,Lyner,Ireland,3,0
Wilfred,Lievesley,England,3,0
Billy,Dennis,England,3,0
Jack,Hall,England,3,0
Frank,Williams,England,3,0
George,Lydon,England,3,0
Leslie,Lievesley,England,3,0
Ernie,Thompson,England,3,1
Jackie,Scott,Northern Ireland,3,0
Tommy,Heron,Scotland,3,0
John,Connaughton,England,3,0
Alan,Foggon,England,3,0
David,Healy,Northern Ireland,3,0
Paul,Rachubka,England,3,0
Danny,Webber,England,3,0
Lee,Roche,England,3,0
Lee,Martin,England,3,0
Kieran,Lee,England,3,1
Dong,Fangzhuo,China,3,0
Mr.,Manucho,Angola,3,0
Ravel,Morrison,Jamaica,3,0
Will,Keane,Republic of Ireland,3,0
Joel,Castro Pereira,Portugal,3,0
Tom,Heaton,England,3,0
Tyler,Fredricson,England,3,0
Joe,Davies,Wales,2,0
Thomas,Craig,unknown,2,1
William,Sharpe,England,2,0
James,Hendry,Scotland,2,1
S,Prince,England,2,0
John,Aitken,Scotland,2,1
Joe,Wetherell,England,2,0
Frank,Wedge,England,2,2
Owen,Jones,Wales,2,0
Robert,Turner,England,2,0
Robert,Walker,unknown,2,0
James,Bain,Scotland,2,1
Peter,Blackmore,England,2,0
William,Booth,England,2,0
William,Bunce,England,2,0
Hugh,Kerr,Scotland,2,0
Joe,Schofield,England,2,0
Arthur,Young,Scotland,2,0
David,Christie,Scotland,2,0
Tom,Wilcox,England,2,0
Ernest,Payne,England,2,1
Jack,Quin,Scotland,2,0
Elijah,Round,England,2,0
Robert,Roberts,England,2,0
John,Williamson,England,2,0
James,Pugh,England,2,0
Richard,Iddon,England,2,0
Joe,Astley,England,2,0
Ron,Haworth,England,2,0
Harold,Dean,England,2,0
Percy,Newton,England,2,0
Alf,Ainsworth,England,2,0
Tom,Manns,England,2,0
Len,Bradbury,England,2,1
John,Roach,England,2,0
Joe,Dale,England,2,0
Jimmy,Pegg,England,2,0
Ed,McIlvenny,United States,2,0
John,Walton,England,2,0
Les,Olive,England,2,0
Gordon,Clayton,England,2,0
Tommy,Baldwin,England,2,0
Tony,Grimshaw,England,2,0
Peter,Coyne,England,2,1
Tom,Connell,Northern Ireland,2,0
Mark,Dempsey,England,2,0
Derek,Brazil,Republic of Ireland,2,0
Paul,Wratten,England,2,0
Graeme,Tomlinson,England,2,0
William,Prunier,France,2,0
Michael,Appleton,England,2,0
Michael,Twiss,England,2,0
Andy,Goram,Scotland,2,0
Bojan,Djordjic,Sweden,2,0
Sylvan,Ebanks-Blake,England,2,1
Ryan,Shawcross,England,2,0
Joshua,King,Norway,2,0
Marnick,Vermijl,Belgium,2,0
Ryan,Tunnicliffe,England,2,0
Víctor,Valdés,Spain,2,0
Donald,Love,Scotland,2,0
Joe,Riley,England,2,0
Lee,Grant,England,2,0
Ethan,Laird,England,2,0
Teden,Mengi,England,2,0
Martin,Dúbravka,Slovakia,2,0
Dan,Gore,England,2,0
Robert,Beckett,England,1,0
Tom,Burke,Wales,1,0
Heber,Davies,Wales,1,0
John,Earp,England,1,0
James,Gotheridge,England,1,0
Edward,Howles,England,1,0
A,Longton,unknown,1,0
Charlie,Harrison,England,1,0
Tom,Hay,England,1,0
George,Owen,Wales,1,0
Edgar,Wilson,England,1,0
George,Evans,England,1,1
Bob,Milarvie,Scotland,1,0
Bob,Ramsay,England,1,0
Herbert,Dale,England,1,0
John,Donnelly,England,1,0
Charles,Felton,England,1,0
William,Gyves,England,1,0
Thomas,O'Shaughnessy,Wales,1,0
William,Rattigan,England,1,0
William,Turner,England,1,0
Joseph,Denman,England,1,0
Joe,Kinloch,England,1,0
William,Brady,Scotland,1,0
David,McFetteridge,Scotland,1,0
William,Longair,Scotland,1,0
James,Cairns,unknown,1,0
Robert,Stephenson,unknown,1,1
James,Cairns,unknown,1,0
William,Owen,Wales,1,0
George,Radcliffe,England,1,0
John,Gourlay,Scotland,1,0
James,Hopkins,England,1,0
Edward,Holt,England,1,1
Samuel,Johnson,England,1,0
George,O'Brien,England,1,0
John,Christie,England,1,0
Harry,Cleaver,England,1,0
Jimmy,Dyer,England,1,0
Horace,Blew,Wales,1,0
Ted,Dalton,England,1,0
Kerr,Whiteside,Scotland,1,0
Tommy,Wilson,England,1,0
Freddy,Capper,England,1,0
Pat,McCarthy,Wales,1,0
Jocelyn,Rowe,England,1,0
Albert,Prince,England,1,0
John,Prentice,England,1,0
George,Schofield,England,1,0
George,Albinson,England,1,0
Percy,Schofield,England,1,0
Walter,Taylor,England,1,0
William,Sarvis,Wales,1,0
Albert,Broome,England,1,0
Syd,Tyler,England,1,0
John,Whittle,England,1,0
Andy,Mitchell,England,1,0
Billy,Behan,Republic of Ireland,1,0
Ben,Morton,England,1,0
David,Robbie,Scotland,1,0
David,Jones,Wales,1,0
Beaumont,Asquith,England,1,0
Bill,Bainbridge,England,1,1
Noel,McFarlane,Republic of Ireland,1,0
Paddy,Kennedy,Republic of Ireland,1,0
Walter,Whitehurst,England,1,0
Tony,Hawksworth,England,1,0
Reg,Hunter,Wales,1,0
Harold,Bratt,England,1,0
Dennis,Walker,England,1,0
Wilf,Tranter,England,1,0
Albert,Kinsey,England,1,1
Jimmy,Kelly,England,1,0
Jonathan,Clark,Wales,1,0
Martyn,Rogers,England,1,0
Anto,Whelan,Republic of Ireland,1,0
Peter,Beardsley,England,1,0
Neil,Whitworth,England,1,0
Ian,Wilkinson,England,1,0
Colin,McKee,Scotland,1,0
Pat,McGibbon,Northern Ireland,1,0
Alex,Notman,Scotland,1,0
Nick,Culkin,England,1,0
Richie,Wellens,England,1,0
Jimmy,Davis,England,1,0
Mads,Timm,Denmark,1,0
Mark,Lynch,England,1,0
Paul,Tierney,England,1,0
Eddie,Johnson,England,1,0
Adam,Eckersley,England,1,0
David,Gray,Scotland,1,0
Michael,Barnes,England,1,0
Phil,Marsh,England,1,0
James,Chester,Wales,1,0
Larnell,Cole,England,1,0
Robbie,Brady,Republic of Ireland,1,0
Tom,Lawrence,Wales,1,0
Saidy,Janko,Gambia,1,0
Reece,James,England,1,0
Tom,Thorpe,England,1,0
Regan,Poole,Wales,1,0
James,Weir,England,1,0
Demetri,Mitchell,England,1,0
Josh,Harrop,England,1,1
Di'Shon,Bernard,Jamaica,1,0
Dylan,Levitt,Wales,1,0
D'Mani,Mellor,England,1,0
Largie,Ramazani,Belgium,1,0
Ethan,Galbraith,Northern Ireland,1,0
Will,Fish,England,1,0
Zidane,Iqbal,Iraq,1,0
Charlie,Savage,Wales,1,0
Charlie,McNeill,England,1,0
Ella,Toone,England,201,63
Millie,Turner,England,178,11
Leah,Galton,England,164,44
Katie,Zelem,England,161,32
Mary,Earps,England,125,0
Hayley,Ladd,Wales,110,11
Maya,Le Tissier,England,108,11
Hannah,Blundell,England,92,3
Kirsty,Hanson,Scotland,90,16
Rachel,Williams,England,85,21
Ona,Batlle,Spain,77,3
Melvine,Malard,France,68,18
Amy,Turner,England,67,4
Jessica,Sigsworth,England,66,26
Jackie,Groenen,Netherlands,60,0
Lucía,García,Spain,60,16
Alessia,Russo,England,59,27
Kirsty,Smith,Scotland,58,1
Hinata,Miyazawa,Japan,58,3
Nikita,Parris,England,57,25
Jayde,Riviere,Canada,57,1
Lauren,James,England,56,28
Aoife,Mannion,Ireland,55,1
Martha,Thomas,Scotland,53,8
Lisa,Naalsund,Norway,52,6
Martha,Harris,England,49,1
Phallon,Tullis-Joyce,United States,47,0
Maria,Thorisdottir,Norway,45,1
Vilde,Bøe Risa,Norway,44,8
Dominique,Janssen,Netherlands,42,2
Lucy,Staniforth,England,40,3
Elisabeth,Terland,Norway,40,21
Mr.,Geyse,Brazil,39,3
Gabby,George,England,38,1
Celin,Bizet Dønnum,Norway,37,7
Lizzie,Arnot,Scotland,34,9
Jane,Ross,Scotland,34,7
Anna,Sandberg,Sweden,34,1
Mollie,Green,England,29,16
Grace,Clinton,England,28,9
Siobhan,Chamberlain,England,27,0
Alex,Greenwood,England,27,5
Abbie,McManus,England,25,2
Charlie,Devlin,England,21,6
Ivana,Fuso,Brazil,21,2
Gemma,Evans,Wales,19,0
Simi,Awujo,Canada,19,0
Christen,Press,United States,17,4
Aimee,Palmer,England,15,1
Julia,Zigiotti Olme,Sweden,13,0
Tobin,Heath,United States,11,4
Lotta,Ökvist,Sweden,10,0
Carrie,Jones,Wales,10,0
Sophie,Baggaley,England,10,0
Jess,Park,England,10,4
Jade,Moore,England,9,2
Adriana,Leon,Canada,9,3
Fridolina,Rolfö,Sweden,9,1
Signe,Bruun,Denmark,7,0
Irene,Guerrero,Spain,7,0
Emily,Ramsey,England,6,0
Diane,Caldwell,Ireland,6,0
Aïssatou,Tounkara,France,5,0
Naomi,Hartley,England,3,0
Emma,Watson,Scotland,3,1
Fran,Bentley,England,2,0
Keira,Barry,England,2,0
Estelle,Cascarino,France,2,0
Aurora,Mikalsen,Norway,1,0
Rebecca,May,England,1,0
Tara,Bourne,England,1,0
Karna,Solskjær,Norway,1,0
Alyssa,Aherne,England,1,0
Evie,Rabjohn,England,1,0
Jess,Simpson,England,1,0
Safia,Middleton-Patel,Wales,1,0
Mared,Griffiths,Wales,1,2
